"ID","Type","Year","Title","Authors","Venue","Tags"
"C67","International","2026","VEGA: Electric Vehicle Navigation Agent via Physics-Informed Neural Operator and Proximal Policy Optimization","Hansol Lim, Minhyeok Im, Jonathan Boyack, Jee Won Lee, and Jongseong Choi*","The 25th International Conference on Control, Automation, and System (ICRA 2026), Vienna, Austria, Jun 1 – 5, 2026; *Accepted",""
"C66","Korean","2026","Micro-Splatting: Manufacturing AI Neural Rendering Techniques","Jongseong Choi*","2026 Spring Conference of The Korean Society for Precision Engineering, Jeju Shinhwa World, Jeju, South Korea, May 13 – 15, 2026","Invited"
"C65","Korean","2026","Micro-Splatting: Manufacturing AI Neural Rendering Techniques for Addressing the Sim2Real Problem in Physical AI by Reflecting Material and Surface Properties","Jongseong Choi*","2026 Spring Conference of The Korean Society for Composite Materials, Jeju Shinhwa World, Jeju, South Korea, Apr 22 – 24, 2026","Invited"
"C64","Korean","2026","Neural Rendering Techniques for Manufacturing AI to Address the Sim2Real Problem in Physical AI","Jongseong Choi* and Jeewon Lee","Korean Society of Mechanical Engineers (KSME)-Reliability Division 2026, Lotte Hotel Jeju, Jeju, South Korea, Apr 8 – 10, 2026. Plus, 9 students generated papers","Invited"
"C63","International","2025","Resolving the Accuracy-Efficiency Trade-off: A Hierarchical Learning-Based Control Architecture","Sooyuen Yang, Hansol Lim, Jeewon Lee, and Jongseong Choi*","The 25th International Conference on Control, Automation, and System (ICCAS 2025), Songdo Convensia, Incheon, South Korea, IEEE Xplore, Nov 4 – 7, 2025",""
"C62","International","2025","Small Lagrangian Networks for Nonlinear Model Predictive Control","Hansol Lim, Jeewon Lee, Sooyeun Yang, and Jongseong Choi*","The 25th International Conference on Control, Automation, and System (ICCAS 2025), Songdo Convensia, Incheon, South Korea, IEEE Xplore, Nov 4 – 7, 2025",""
"C61","International","2025","Hybrid Vision Servoing with Deep Alignment and GRU-Based Occlusion Recovery","Jeewon Lee, Hansol Lim, Sooyeun Yang, and Jongseong Choi*","The 25th International Conference on Control, Automation, and System (ICCAS 2025), Songdo Convensia, Incheon, South Korea, IEEE Xplore, Nov 4 – 7, 2025",""
"C60","International","2025","Visual Intelligence for Predictive Engineering System Assessment","Jongseong Choi*","The 15th International Conference on Quality, Reliability, Risk, Maintenance, and Safety Engineering (QR2MSE 2025), Hohhot Juva Grand Hotel, Hohhot, China, Jul 23 – 26, 2025","Invited"
"C59","International","2025","Physics-Informed Neural Network (PINN) and Hyper - Realistic Digital Twin (3DGS) for Predictive Engineering System Assessment","Jongseong Choi*","International Conference on Precision Engineering and Sustainable Manufacturing (PRESM 2025), Chiang Mai Marriott Hotel, Chiang Mai, Thailand, Jul 6 – 11, 2025","Invited"
"C58","International","2025","Physics-Informed Neural Network (PINN) and Hyper-Realistic Digital Twin (3DGS) for Predictive Engineering System Assessment","Jongseong Choi*","Annual Conference of Drive & Control, KIST Gangneung, Gangneung, South Korea, Jun 26 – 27, 2025","Keynote"
"C57","Korean","2025","PHM-Driven XR-Enabled Sensor Fusion Platform for Remote Structural Health Management and Collaborative Inspection","Hanbeom Chang, Hyeji Chang, Sungwook Choi, and Jongseong Choi*","Annual Conference of the PHM Korea (PHM Korea 2025), Jeju Booyoung Hotel, Seoguipo, South Korea, Jun 23 – 25, 2025",""
"C56","Korean","2025","ROS-Based PTZ Camera System for Visual Monitoring in PHM","Alfredo Valenzuela, Hugo Zuniga, Felipe Zuniga, and Jongseong Choi*","Annual Conference of the PHM Korea (PHM Korea 2025), Jeju Booyoung Hotel, Seoguipo, South Korea, Jun 23 – 25, 2025",""
"C55","Korean","2025","An Integrated Framework for Object Reconstruction with 3D Gaussian Splatting and Reinforcement-Learned Sliding-Mode Landing Control","Sooyeun Yang and Jongseong Choi*","Annual Conference of the PHM Korea (PHM Korea 2025), Jeju Booyoung Hotel, Seoguipo, South Korea, Jun 23 – 25, 2025",""
"C54","Korean","2025","An Integrated Framework for Object Reconstruction with 3D Gaussian Splatting and Reinforcement-Learned Sliding-Mode Landing Control","Jonathan Boyack, Hansol Lim, and Jongseong Choi*","Annual Conference of the PHM Korea (PHM Korea 2025), Jeju Booyoung Hotel, Seoguipo, South Korea, Jun 23 – 25, 2025",""
"C53","Korean","2025","Linear Optimization Strategy for Individual Battery Cell Power Controller to Extend its Remaining Useful Life using PHM","Jeewon Lee and Jongseong Choi*","Annual Conference of the PHM Korea (PHM Korea 202 5), Jeju Booyoung Hotel, Seoguipo, South Korea, Jun 23 – 25, 2025",""
"C52","Korean","2025","Interpretable Surrogates via Lagrangian Energy Heads","Hansol Lim and Jongseong Choi*","Annual Conference of the PHM Korea (PHM Korea 2025), Jeju Booyoung Hotel, Seoguipo, South Korea, Jun 23 – 25, 2025",""
"C51","Korean","2025","OPTIMIS: Omniverse-Powered 3D Gaussian Splatting","Sooyeun Yang, Jeewon Lee, Hansol Lim, Jongseong Choi*","Korean Society of Mechanical Engineers (KSME)-Reliability Division 2025, Kolon Hotel, Gyeongju, South Korea, Apr 9 – 11, 2025",""
"C50","Korean","2025","Physics-Informed Diffusion Models for 2D Heat Equation","Hansol Lim, Jeewon Lee, Sooyeun Yang, and Jongseong Choi*","Korean Society of Mechanical Engineers (KSME)-Reliability Division 2025, Kolon Hotel, Gyeongju, South Korea, Apr 9 – 11, 2025",""
"C49","Korean","2025","Visual Monitoring Assessments System through Robot Operating System (ROS)","Alfredo Valenzuela, Jongseong Choi*, Felipe Zuniga, and Hugo Zuniga","Korean Society of Mechanical Engineers (KSME)-Reliability Division 2025, Kolon Hotel, Gyeongju, South Korea, Apr 9 – 11, 2025",""
"C48","Korean","2025","Virtual Reality based Remote Controlled Perspective Synchronized Snowplow","Cheyul Im, Hansol Lim, and Jongseong Choi*","Korean Society of Mechanical Engineers (KSME)-Reliability Division 2025, Kolon Hotel, Gyeongju, South Korea, Apr 9 – 11, 2025",""
"C47","Korean","2025","Remote Collaboration and Real-Time Visualization System Using Mixed Reality: Application in Construction and Industrial Sites","Sungwook Choi, Hanbeom Chang, Jongseong Choi*","Korean Society of Mechanical Engineers (KSME)-Reliability Division 2025, Kolon Hotel, Gyeongju, South Korea, Apr 9 – 11, 2025",""
"C46","Korean","2025","NuClearView: Object-Centric 3D Reconstruction and Automated Defect Localization for Nuclear Reactor Inspection","Jeewon Lee, Hansol Lim, Sooyeun Yang, Jongseong Choi*, Sang Hyuk Lee, Dongsoo Kang, Hankwang Choi, and Yongkyu Kim","Korean Society of Mechanical Engineers (KSME)-Reliability Division 2025, Kolon Hotel, Gyeongju, South Korea, Apr 9 – 11, 2025",""
"C45","International","2024","Software Architecture and Simulation Interface for Autonomous Underwater Vehicles","Lesus Davila, Alfredo Valenzuela, Ricardo Ortiz, Jongseong Choi, Francisco Yumbla*","IEEE Ecuador Technical Chapters Meeting 2024 (ETCM 2024), Universidad de Cuenca, Cuenca, Ecuador, Oct 15 – 18, 2024",""
"C44","International","2024","Development of a 3D Gaussian Splatting Digital Twining Platform for Remote Ship Assessment","Jee Won Lee, Hansol Lim, Jongseong Choi*, Sangho Song, Jaechul Park, Hwasup Jang","7th International Conference on Materials and Reliability (ICMR 2024), The Westin Josun Busan, Busan, South Korea, Dec 3-6, 2024",""
"C43","International","2024","Runge-Kutta Neural Networks as PINN Alternative","Hansol Lim, Jonathan Boyack, Jongseong Choi*","7th International Conference on Materials and Reliability (ICMR 2024), The Westin Josun Busan, Busan, South Korea, Dec 3-6, 2024",""
"C42","International","2024","Transforming SLAM Data into 3D Gaussian Splatting Models","Hansol Lim, Hanbeom Chang and Jongseong Choi*","12th International Conference on Robot Intelligence Technology and Applications (RiTA2024), UNIST, Ulsan, South Korea, Dec 4 – 7, 2024",""
"C41","International","2024","3D Reconstruction by Looking: Instantaneous Visualization of Point Cloud Registration on an MR Device","Hanbeom Chang, Hansol Lim, and Jongseong Choi*","12th International Conference on Robot Intelligence Technology and Applications (RiTA2024), UNIST, Ulsan, South Korea, Dec 4 – 7, 2024",""
"C40","Korean","2024","Real-time Digital Twin Registration System for Visual Inspection in Mixed Reality","Hansol Lim, Jeewon Lee, Sooyeun Yang, and Jongseong Choi*","Korean Society of Mechanical Engineers (KSME)-Chungcheong Division 2024, KIMM, Daejeon, South Korea, Nov 21, 2024","Grand Prize"
"C39","Korean","2024","PhysGaussian-Enhanced Digital Twin for Building Safety Assessment","Sooyeun Yang, Jeewon Lee, Hanbeom Chang, and Jongseong Choi*","Korean Society of Mechanical Engineers (KSME)-Chungcheong Division 2024, KIMM, Daejeon, South Korea, Nov 21, 2024",""
"C38","Korean","2024","Augmented Reality-Driven Remote Inspection: Head-Movement and Gesture-Based PTZ Camera Control in Real-Time","Jeewon Lee, Hansol Lim, Hanbeom Chang, Sooyeun Yang, and Jongseong Choi*","Korean Society of Mechanical Engineers (KSME)-Chungcheong Division 2024, KIMM, Daejeon, South Korea, Nov 21, 2024",""
"C37","Korean","2024","LiDAR-Camera based Real-time 3D Reconstruction with Mixed Reality Visualization System","Hanbeom Chang, Soo-Jung Chi, Jongseong Choi*, and Chul Min Yeum","Annual Conference of the PHM Kor ea (PHM Korea 2023), The K Hotel, Seoul, South Korea, Jun 25 – 26, 2024","Best Poster Award"
"C36","Korean","2024","ChromaFilter: Color-Based LiDAR Filter for Real-Time Feature Extraction and Optimization","Hansol Lim, Hanbeom Chang, and Jongseong Choi*","Annual Conference of the PHM Kor ea (PHM Korea 2023), The K Hotel, Seoul, South Korea, Jun 25 – 26, 2024",""
"C35","Korean","2024","CNN-Driven Pothole Detection and Road Hazard Localized DB Development","Sooyeun Yang, Hojin Song, Eugene Pak, and Jongseong Choi*","Annual Conference of the PHM Korea (PHM Korea 2023), The K Hotel, Seoul, South Korea, Jun 25 – 26, 2024",""
"C34","Korean","2024","Photogrammetry-Based Approach to Indoor Space Digital Twin Model Generation","Yoonseong Kim, Hansol Lim, and Jongseong Choi*","Annual Conference of the PHM Kor ea (PHM Korea 2023), The K Hotel, Seoul, South Korea, Jun 25 – 26, 2024",""
"C33","International","2024","Visual Analytics and Human-Machine Collaborative Remote Assessment Approach for Infrastructure Management","Jongseong Choi*","20th World Conference on Non-Destructive Testing 2024 (WCNDT 2024), Songdo Convensia, Incheon, South Korea, May 27 – 31, 2024","Invited"
"C32","International","2024","NeRF Generated Digital Twin Model for Real-Time, Perspective-Free Visual Analytics","Hansol Lim and Jongseong Choi*","20th World Conference on Non-Destructive Testing 2024 (WCNDT 2024), Songdo Convensia, Incheon, South Korea, May 27 – 31, 2024",""
"C31","International","2024","Digital Twin Platform for Remote Assessment: Application in Extensive Ship Engine Inspection","Hanbeom Chang, Jongseong Choi*, R icardo Ortiz, and Chul Min Yeum","20th World Conference on Non-Destructive Testing 2024 (WCNDT 2024), Songdo Convensia, Incheon, South Korea, May 27 – 31, 2024",""
"C30","International","2024","Remote Monitoring Assessment Through Pan-Tilt-Zoom Automated Camera Control","Alfredo Valenzuela, Jee Won Lee, Chul Min Yeum, Ricardo Ortiz, and Jongseong Choi*","20th World Conference on Non-Destructive Testing 2024 (WCNDT 2024), Songdo Convensia, Incheon, South Korea, May 27 – 31, 2024",""
"C29","International","2024","Data Localization on A Digital Twin Model to Enable Remote Assessment: Implementation on a full-scale Ship Engine","Jonathan Boyack, & Jongseong Choi*","20th World Conference on Non-Destructive Testing 2024 (WCNDT 2024), Songdo Convensia, Incheon, South Korea, May 27 – 31, 2024",""
"C28","International","2024","Enhanced Construction Site Monitoring with RTK-GPS Guided Unmanned Mobile Robot and Mapping API Integration","Ricardo Ortiz, Alfredo Valenzuela, and Jongseong Choi*","20th World Conference on Non-Destructive Testing 2024 (WCNDT 2024), Songdo Convensia, Incheon, South Korea, May 27 – 31, 2024",""
"C29","Korean","2023","Real-Time, Non-Intrusive Inspection of Structures and Machines Using Visual Analytics and SfM-Based Digital Twin Generation","Hansol Lim and Jongseong Choi*","Annual Conference of the PHM Korea (PHM Korea 2023), The K Hotel, Seoul, South Korea, July 7 – 8, 2023","Best Paper Award"
"C27","International","2023","Real-Time 3D Video Generation using NeRF","Hansol Lim and Jongseong Choi*, Alfredo Valenzuela, and Hanbeom Chang","The 14th International Symposium on NDT in Aerospace (AeroNDT2023), The Westin Josun Busan, Busan, South Korea, Nov 5 – 8, 2023","Outstanding Paper Award"
"C26","International","2023","Region of Interest Locator with Digital Twin Model Generation of Large-Scale Facility","Jonathan Boyack, Hansol Lim, Alfredo Valenzuela, Jongseong Choi*, Sangho Song, Yongseok Choi, and Dongguk Im","The 14th International Symposium on NDT in Aerospace (AeroNDT2023), The Westin Josun Busan, Busan, South Korea, 5 – 8 Nov 2023","The Best Paper Award"
"C25","International","2023","Automated Pan-Tilt-Zoom Camera Control to Enable Monitoring Assessment","Alfredo Valenzuela, Jee Won Lee, Chul Min Yeum, Ricardo Ortiz, and Jongseong Choi*","The 14th International Symposium on NDT in Aerospace (AeroNDT2023), The Westin Josun Busan, Busan, South Korea, 5 – 8 Nov 2023",""
"C24","Korean","2023","Falling Hazard Assessment Application: Automated Labelling Large Data Sets for Transfer Learning Models","Jonathan Boyack, & Jongseong Choi*","Korean Society of Mechanical Engineers (KSME) Annual Meeting 2023, Songdo Convensia, Incheon, South Korea, Nov 1 – 4, 2023","Best Paper Award"
"C23","Korean","2023","Localize Map Update Mobile App to Enable Construction Sites Monitoring: User-Guided Path Generation for Robot Operation","Alfredo Valenzuela, Ricardo Ortiz, Sambridha Bhattarai, and Jongseong Choi*","Korean Society of Mechanical Engineers (KSME) Annual Meeting 2023, Songdo Convensia, Incheon, South Korea, Nov 1 – 4, 2023",""
"C22","Korean","2023","Seamless 3D Scene Control of NeRF Generated Digital Twin Environments","Hansol Lim and Jongseong Choi*","Korean Society of Mechanical Engineers (KSME) Annual Meeting 2023, Songdo Convensia, Incheon, South Korea, Nov 1 – 4, 2023","Excellent Presentation Award"
"C21","Korean","2023","Human-Machine Collaborative Platform in Metaverse","Hanbeom Chang, Jaewon Lee, Danielle Macmaster, Leeroy Makusha, Jongseong Choi*, and Chul Min Yeum","Korean Society of Mechanical Engineers (KSME) Annual Meeting 2023, Songdo Convensia, Incheon, South Korea, Nov 1 – 4, 2023",""
"C20","Korean","2023","Locally Update Scenes to Enable a User-Guided Path Planning","Alfredo Valenzuela and Jongseong Choi*","Annual Conference of the PHM Korea (PHM Korea 2023), The K Hotel, Seoul, South Korea, July 7 – 8, 2023",""
"C18","International","2023","Development of RTK-GPS Engaged Autonomous Mobility: Implementation and Analysis for Structural Health Monitoring Application","Ricardo Ortiz, Alfredo Valenzuela & Jongseong Choi*","Advanced Smart Materials and Structures 2nd International Conference (ASMaS2023), Ton Duc Thang University, Ho Chi Minh, Vietnam, Jun 28 – 30, 2023",""
"C17","International","2023","An Automated Falling Hazard Assessment of High-Rise Buildings Using Transfer Learning and Orthophoto Generation","Jonathan Boyack, & Jongseong Choi*","Advanced Smart Materials and Structures 2nd International Conference (ASMaS2023), Ton Duc Thang University, Ho Chi Minh, Vietnam, Jun 28 – 30, 2023",""
"C16","International","2023","Automating Visual Analytics to Aid Lifecycle Management of Infrastructure","Jongseong Choi *","Structural Congress 2023, Hyatt Regency New Orleans, New Orleans, LA, May 3 – 6, 2023",""
"C15","Korean","2023","Automated Pan-Tilt-Zoom Camera Control Enabling Long-Range Visual Exploration for Extraterrestrial Missions","Jeewon Lee, Hanbeom Chang, Jongseong Choi*, and Chul Min Yeum","Korean Society of Mechanical Engineers (KSME)-Reliability Division 2023, Jeju Oriental Hotel, Jeju, South Korea, Mar 22 - 24, 2023",""
"C14","Korean","2023","SLAM for Skid-Steering Mobile Robot Systems","Pureun Jeong, Hansol Lim, Jimin Shin, and Jongseong Choi*","Korean Society of Mechanical Engineers (KSME)-Reliability Division 2023, Jeju Oriental Hotel, Jeju, South Korea, Mar 22 - 24, 2023","Best Paper Award"
"C13","International","2022","Development of User-Designated-Path Driving Ground Robot for Construction Sites","Ricardo Ortiz, Jee Won Lee, Jonathan Boyack, & Jongseong Choi *","Korean Society of Mechanical Engineers (KSME) Annual Meeting 2022, Jeju International Convention Center, Seoguipo, South Korea, Nov 9 – 12, 2022",""
"C12","International","2022","Automated Pan-Tilt-Zoom Camera Control to Enable Long-Range Visual Assessment and Localization","Jee Won Lee, Chul Min Yeum, Ricardo Ortiz, & Jongseong Choi*","Korean Society of Mechanical Engineers (KSME) Annual Meeting 2022, Jeju International Convention Center, Seoguipo, South Korea, Nov 9 – 12, 2022",""
"C11","International","2022","A Real-Time Log Data Analytics-based Electric Vehicle Path Optimization","Jonathan Boyack & Jongseong Choi*","Korean Society of Mechanical Eng ineers (KSME) Annual Meeting 2022, Jeju International Convention Center, Seoguipo, South Korea, Nov 9 – 12, 2022","Best Paper Award"
"C10","Korean","2022","Electric Vehicle Path Optimization using Real-Time Log Data for Decision Making","Jonathan Boyack & Jongseong Choi*","Annual Conference of the PHM Korea, The K Hotel, Seoul, South Korea Jun 29 – July 1, 2022",""
"C9","Korean","2022","ARIO: Automatic Reconnaissance Image Organizer to Learn from Earthquake","Jongseong Choi & Shirley J. Dyke*","Annual Conference of Korean Society of Mechanical Engineers, Division of Reliability, Jeju Oriental Hotel, Jeju, South Korea, Mar 23 – 25, 2022",""
"C8","International","2021","Learning from Earthquakes Using the Automatic Reconnaissance Image Organizer,","Shirley J. Dyke*, Xiaoyu Liu, Jongseong Choi, Chul Min Yeum, Juan Park, Ali Lenjani, Julio A. Ramirez, & Randall Poston","Proceedings of 17th World Conference on Earthquake Engineering, Sendai International Center, Sendai, Japan, Sep 27-Oct 2, 2021",""
"C7","Korean","2021","Automating Visual Data Analytics to Aid lifecycle Management of Infrastructure toward Sustainable cities","Jongseong Choi * & Jonathan Boyack","Annual Conference of the PHM Korea, The K Hotel, Seoul, South Korea, Sep 8 – 10, 2021",""
"C6","International","2021","Similarity Learning to Building Search Capability: Post-event Image Data Application","Jongseong Choi*, Ju An Park, Chul Min Yeum, & Shirley J Dyke","Proceedings of Asia Pacific Conference of the Prognostics and Health Management Society 2021, Jeju Ramada Hotel, Jeju, South Korea, Sep 8 – 11, 2021",""
"C5","International","2021","Machine Learning Approach for a Rapid Falling Hazard Assessment on High-Rise Buildings","Jonathan Boyack & Jongseong Choi*","Proceedings of Asia Pacific Conference of the Prognostics and Health Management Society 2021, Jeju Ramada Hotel, Jeju, South Korea, Sep 8 – 11, 2021",""
"C4","International","2019","Geology Explorations of Lava Tubes in the National Beds Lava Monuments,","Audai Theinat, Anahita Modiriasari, Antonio Bobet, Jay Melosh, Shirley J. Dyke *, Julio A. Ramirez, Jongseong Choi, Amin Maghareh, & Daniel Gomez","50th Lunar and Planetary Science Conference ( LPSC 2019), Woodlands Waterway Marriott Hotel and Convention Center, Woodlands, Texas, USA, Mar 18 – 22, 2019",""
"C3","International","2018","Rapid Vision-Based Inspection of Nonstructural Components in Buildings","Jongseong Choi*, Chul Min Yeum, Shirley J. Dyke, Mohammad R. Jahanshahi, & Gun Wook Park","Proceedings of the 9th European Workshop on Structural Health Monitoring (EWSHM 2018), Hilton Manchester Deansgate, Manchester, UK, July 10-13, 2018",""
"C2","International","2017","Automated Region-of-Interest Localization and Classification for Visual Assessment on Civil Infrastructure,","Chul Min Yeum *, Jongseong Choi, & Shirley J. Dyke","Proceedings of the 11th International Workshop on Structural Health Monitoring, Stanford University, Stanford, CA, USA, Sep 12 – 14, 2017",""
"C1","International","2017","Image Localization for Computer-enhanced Visual Inspection of Civil Infrastructure,","Chul Min Yeum *, Jongseong Choi, & Shirley J. Dyke","Proceedings of Engineering Mechanics Institute Conference, Price Center at UCSD, San Diago, CA, USA, Jun 4 – 7, 2017",""
