"Type","Year","VenueAbbr","Venue","Title","Authors"
"Korean","2025","PHM Korea 2025","PHM Korea 2025 정기학술대회","Interpretable Surrogate via Lagrangian Energy Heads","Hansol Lim, Jongseong Brad Choi"
"Korean","2025","PHM Korea 2025","PHM Korea 2025 정기학술대회","Linear Optimization Strategy for Individual Battery Cell Power Controller to Extend its Remaining Useful Life using PHM","Jonathan Boyack, Hansol Lim, Jongseong Brad Choi"
"Korean","2025","PHM Korea 2025","PHM Korea 2025 정기학술대회","An Integrated Framework for Object Reconstruction with 3D Gaussian Splatting and Reinforcement-Learned Sliding Mode Landing Control","Sooyeun Yang, Jongseong Brad Choi"
"Korean","2025","PHM Korea 2025","PHM Korea 2025 정기학술대회","ROS-Based PTZ Camera System for Visual Monitoring in PHM","Alfredo Valenzuela, Hugo Zuniga, Felipe Zuniga, Jongseong Brad Choi"
"Korean","2025","PHM Korea 2025","PHM Korea 2025 정기학술대회","PHM-Driven XR-Enabled Sensor Fusion Platform for Remote Structural Health Management and Collaborative Inspection","Hanbeom Chang, Hyeji Chang, Sungwook Choi, Jongseong Brad Choi"
"Korean","2025","KSME Reliability 2025","Korean Society of Mechanical Engineers(KSME)-Reliability Division 2025","OPTIMIS: Omniverse-Powered 3D Gaussian Splatting","Sooyeun Yang, Jee Won Lee, Hansol Lim, Jongseong Brad Choi"
"Korean","2025","KSME Reliability 2025","Korean Society of Mechanical Engineers(KSME)-Reliability Division 2025","Physics-Informed Diffusion Models for 2D Head Equation","Hansol Lim, Jee Won Lee, Sooyeun Yang, Jongseong Brad Choi"
"Korean","2025","KSME Reliability 2025","Korean Society of Mechanical Engineers(KSME)-Reliability Division 2025","Visual Monitoring Assessments System through Robot Operating System (ROS)","Alfredo Valenzuela, Felipe Zuniga, Hugo Zuniga, Jongseong Brad Choi"
"Korean","2025","KSME Reliability 2025","Korean Society of Mechanical Engineers(KSME)-Reliability Division 2025","Virtual Reality based Remote Controlled Perspective Synchronized Snowplow","Cheyul Im, Hansol Lim, Jongseong Brad Choi"
"Korean","2025","KSME Reliability 2025","Korean Society of Mechanical Engineers(KSME)-Reliability Division 2025","Remote Collaboration and Real-Time Visualization System Using Mixed Reality: Application in Construction and Industrial Sites","Sungwook Choi, Hanbeom Chang, Jongseong Brad Choi"
"Korean","2025","KSME Reliability 2025","Korean Society of Mechanical Engineers(KSME)-Reliability Division 2025","NuClearView: Object-Centric 3D Reconstruction and Automated Defect Localization for Nuclear Reactor Inspection","Jee Won Lee, Hansol Lim, Sooyeun Yang, Jongseong Brad Choi, Sang Hyuk Lee, Dongsoo Kang, Hankwang Choi, Yongkyu Kim"
"International","2025","ICROS 2025","Institute of Control, Robotics and Systems 2025","Transformer Attention based Parameter Estimation of Electric Vehicle","Hansol Lim, Jongseong Brad Choi"
"International","2024","WCNDT 2024","20th World Conference on Non-Destructive Testing","(Invited) Visual Analytics and Human-Machine Collaborative Remote Assessment Approach for Infrastructure Management","Jongseong Brad Choi"
"International","2024","WCNDT 2024","20th World Conference on Non-Destructive Testing","Enhanced Construction Site Monitoring with RTK-GPS Guided Unmanned Mobile Robot and Mapping API Integration","Ricardo Ortiz, Alfredo Valenzuela, Jongseong Brad Choi"
"International","2024","WCNDT 2024","20th World Conference on Non-Destructive Testing","LiDAR Reinforced 3D Gaussian Splatting for Accurate Digital Twins","Hansol Lim, Jongseong Brad Choi"
"International","2024","WCNDT 2024","20th World Conference on Non-Destructive Testing","Data Localization on a Digital Twin Model to Enable Remote Assessment: Implementation on a Full-Scale Ship Engine","Joanthan Boyack, Hansol Lim, Alfredo Valenzuela, Hanbeom Chang, Jongseong Brad Choi"
"International","2024","WCNDT 2024","20th World Conference on Non-Destructive Testing","Digital Twin Platform for Remote Assessment: Application in Extensive Ship Engine Inspection","Hanbeom Chang, Ricardo Ortiz, Jongseong Brad Choi, Chul Min Yeum"
"International","2024","WCNDT 2024","20th World Conference on Non-Destructive Testing","Remote Monitoring Assessment Through Pan-Tilt-Zoom Automated Camera Control","Alfredo Valenzuela,  Jee Won Lee, Ricardo Ortiz, Jongseong Brad Choi, Chul Min Yeum"
"International","2024","RiTA 2024","12th International Conference on Robot Intelligence Technology and Applications","Transforming SLAM Data into 3D Gaussian Splatting Models","Hansol Lim, Hanbeom Chang, Jongseong Brad Choi"
"International","2024","ETCM 2024","IEEE Ecuador Technical Chapters Meeting 2024","Software Architecture and Simulation Interface for Autonomous Underwater Vehicles","Lesus Davila, Alfredo Valenzuela, Ricardo Ortiz, Jongseong Brad Choi, Francisco Yumbla"
"International","2024","ICMR 2024","7th International Conference on Materials and Reliability","Development of a 3D Gaussian Splatting Digital Twining Platform for Remote Ship Assessment","Jee Won Lee, Hansol Lim, Jongseong Brad Choi, Sangho Song, Jaechul Park, Hwasup Jang"
"International","2024","ICMR 2024","7th International Conference on Materials and Reliability","Runge-Kutta Neural Networks as PINN Alternative","Hansol Lim, Jee Won Lee, Jonathan Boyack, Jongseong Brad Choi"
"International","2024","RiTA 2024","12th International Conference on Robot Intelligence Technology and Application","Real-Time Monitoring of Point Cloud Registration in Mixed Reality","Hanbeom Chang, Hansol Lim, Jongseong Brad Choi"
"International","2023","ASMaS 2023","The 2nd International Conference on Advanced Smart Materials and Structures","An Automated Falling of High-Rise Buildings Using Transfer Learning and Orthophoto Generation","Joanthan Boyack, Jongseong Brad Choi"
"International","2023","ASMaS 2023","The 2nd International Conference on Advanced Smart Materials and Structures","Development of RTK-GPS engaged Autonomous Mobility: Implementation and Analysis for Structural Health Monitoring Application","Ricardo Ortiz, Alfredo Valenzuela, Jongseong Brad Choi"
"International","2023","AeroNDT 2023","The 14th International Symposium on NDT in Aerospace","Region of Interest Locator with Digital Twin Model Generation of Large-Scale Facility","Jonathan Boyack, Hansol Lim, Alfredo Valenzuela, Jongseong Brad Choi, Sangho Song, Yongseuk Choi, Dongguk Im"
"International","2023","AeroNDT 2023","The 14th International Symposium on NDT in Aerospace","Automated Pan-Tilt-Zoom Camera Control to Enable Monitoring Assessment","Alfredo Valenzuela, Jee Won Lee, Chul Min Yeum, Ricardo Ortiz, Jongseong Brad Choi"
"International","2023","AeroNDT 2023","The 14th International Symposium on NDT in Aerospace","Digital Twin Platform Engaged Remote Assessment: Full-Scale Ship Engine Inspection Application","Hanbeom Chang, Jongseong Brad Choi, Sangho Song, Ricardo Ortiz, Yongseuk Choi, Dongguk Im, Chul Min Yeum"
"International","2023","AeroNDT 2023","The 14th International Symposium on NDT in Aerospace","Real-Time 3D Video Generation Using NeRF","Hansol Lim, Jongseong Brad Choi"
"International","2021","PHMAP2021","Third Asia Pacific Conference of the PHM Society 2021","Machine Learning Approach for a Rapid Falling Hazard Assessment on High-Rise Buildings","Joanthan Boyack, Jongseong Brad Choi"
